negara,bahasa,jumlah,persentase
Amerika Serikat,English,68191,83.2
Amerika Serikat,Somali,1817,2.2
Amerika Serikat,Afrikaans,1336,1.6
Brasil,Portuguese,17128,76.6
Brasil,English,1182,5.3
Brasil,Italian,640,2.9
Haiti,French,4696,75.1
Haiti,English,649,10.4
Haiti,Romanian,96,1.5
Indonesia,Indonesian,3873,51.3
Indonesia,English,1318,17.5
Indonesia,Filipino,547,7.3
Jerman,German,8729,81.0
Jerman,English,1094,10.2
Jerman,Romanian,88,0.8
Korea Selatan,Korean,5420,92.3
Korea Selatan,English,243,4.1
Korea Selatan,Somali,58,1.0
Meksiko,Spanish,21832,77.6
Meksiko,English,995,3.5
Meksiko,Portuguese,749,2.7
Polandia,Polish,8491,69.8
Polandia,English,1061,8.7
Polandia,Slovenian,370,3.0
Rusia,Russian,58026,81.9
Rusia,Bulgarian,3659,5.2
Rusia,Ukrainian,2078,2.9
Turki,Turkish,9608,78.1
Turki,English,694,5.6
Turki,Somali,262,2.1
